year,consumption_per_capita,income
2010,52.71235566,41220
2011,53.19363284,43502.52
2012,49.23014767,44932.56
2013,46.0831181,46529.16
2014,50.41763212,48047.88
2015,53.6979256,49810.32
2016,53.57376288,51486.24
2017,54.11937141,54334.68
2018,57.66555064,58017.12
2019,53.56597223,62179.56
2020,54.58331272,66279.84
2021,57.11240122,72012.24
2022,54.51946651,80467.44
