year,consumption_per_capita,income
2010,52.71235566,3435
2011,53.19363284,3625.21
2012,49.23014767,3744.38
2013,46.0831181,3877.43
2014,50.41763212,4003.99
2015,53.6979256,4150.86
2016,53.57376288,4290.52
2017,54.11937141,4527.89
2018,57.66555064,4834.76
2019,53.56597223,5181.63
2020,54.58331272,5523.32
2021,57.11240122,6001.02
2022,54.51946651,6705.62
